Nombre,Slug,Categoría,Marca,Valoración,Precio (EUR),Moneda,URL de imagen,URL de producto en Amazon,Descripción corta,Análisis completo,Pros,Contras,Ficha técnica,Destacado
"Apple MacBook Air 13.6 M5 16GB 512GB","apple-macbook-air-13-m5-16gb-512gb","portatiles","Apple",4.8,1429.00,EUR,,https://www.amazon.es/dp/B0GR1MZP3L,"Portátil ultraligero de 13.6 pulgadas con chip M5 para trabajar y crear donde sea.","El MacBook Air M5 mantiene la fórmula que lo hizo famoso: chasis de aluminio de poco más de un kilo, pantalla Liquid Retina muy nítida y una autonomía que aguanta la jornada completa. El chip M5 mueve con soltura ofimática, edición ligera de foto y vídeo y decenas de pestañas sin despeinarse. macOS se integra a la perfección si ya usas iPhone o iPad, con Handoff y AirDrop incluidos. Es la opción segura si buscas un portátil que dure años y mantenga bien su valor de reventa.","Chip M5 muy eficiente|Pantalla Liquid Retina nítida|Autonomía de jornada completa|Chasis ligero de aluminio","Precio elevado|Solo 2 puertos USB-C|No admite ampliación de RAM","Pantalla:13.6 pulgadas Liquid Retina|Procesador:Apple M5 10 núcleos|Memoria:16 GB unificada|Almacenamiento:512 GB SSD|Peso:1.24 kg|Batería:Hasta 18 h|Sistema:macOS",si
"Lenovo IdeaPad Slim 3 Gen 10 15.3 i5 16GB 512GB","lenovo-ideapad-slim-3-gen10-15-3-i5","portatiles","Lenovo",4.5,539.00,EUR,,https://www.amazon.es/dp/B0GZHWG8WL,"Portátil de 15.3 pulgadas equilibrado para estudiar y teletrabajar sin gastar de más.","El IdeaPad Slim 3 Gen 10 es el típico portátil que rinde más de lo que cuesta: el i5-13420H con 16 GB de RAM mueve ofimática, clases online y edición ocasional sin quejarse. La pantalla WUXGA de 15.3 pulgadas da más espacio vertical que un Full HD clásico, ideal para documentos. No es un ultrabook premium en materiales, pero por este precio es difícil pedir más. Perfecto como primer portátil o equipo de trabajo secundario.","Buena relación calidad-precio|16 GB de RAM|Pantalla WUXGA de 15.3 pulgadas|512 GB SSD","Chasis de plástico|Sin retroiluminación en este modelo|Altavoces justos","Pantalla:15.3 pulgadas WUXGA|Procesador:Intel Core i5-13420H|Memoria:16 GB RAM|Almacenamiento:512 GB SSD|Gráficos:Intel UHD integrados|Sistema:Sin sistema operativo",no
"ASUS Vivobook 15 F1504VA 16GB 1TB","asus-vivobook-15-f1504va-16gb-1tb","portatiles","ASUS",4.6,719.99,EUR,,https://www.amazon.es/dp/B0GFFJQLKB,"Portátil de 15.6 pulgadas con 16 GB de RAM y 1 TB de disco para no quedarte corto.","El Vivobook 15 de esta configuración apuesta por lo que más se nota en el día a día: memoria de sobra y un terabyte de almacenamiento para no andar borrando cosas. El Intel Core 7 150U rinde bien en ofimática y multitarea, y el chasis mantiene el peso contenido para ser un 15.6. Incluye Windows 11 de serie, así que llega listo para usar nada más sacarlo de la caja.","16 GB de RAM|1 TB de almacenamiento|Windows 11 incluido|Pantalla Full HD antirreflejos","Sin gráfica dedicada|Cargador clásico de barril|Sin lector de huella en esta versión","Pantalla:15.6 pulgadas Full HD|Procesador:Intel Core 7 150U|Memoria:16 GB RAM|Almacenamiento:1 TB SSD|Sistema:Windows 11 Home|Peso:1.7 kg aprox.",no
"TP-Link Archer AX55 WiFi 6 AX3000","tp-link-archer-ax55-wifi-6","redes-conectividad","TP-Link",4.6,68.79,EUR,,https://www.amazon.es/dp/B09BMXXW6N,"Router WiFi 6 de doble banda para cubrir toda la casa por menos de 70 euros.","El Archer AX55 es el router que recomiendo cuando el de la operadora se queda corto: WiFi 6 real con 3000 Mbps combinados, 4 antenas de alta ganancia y puertos Gigabit para el PC o la tele. La app Tether facilita la instalación en minutos y permite control parental y red de invitados. Para pisos de 80-100 m2 con fibra de 600 Mb o 1 Gb es el punto dulce entre precio y rendimiento.","WiFi 6 AX3000|4 puertos Gigabit|App de configuración sencilla|Control parental incluido","Sin puerto USB|Sin banda de 6 GHz|La interfaz web es mejorable","Estándar:WiFi 6 802.11ax|Velocidad:AX3000 (574 + 2402 Mbps)|Puertos:4x Gigabit LAN + 1x WAN|Antenas:4 externas de alta ganancia|Seguridad:WPA3|Gestión:App Tether y web",si
"Xiaomi Smart Band 9","xiaomi-smart-band-9","smartwatches","Xiaomi",4.7,50.80,EUR,,https://www.amazon.es/dp/B0D98DMX2H,"Pulsera de actividad con pantalla AMOLED y 3 semanas de autonomía por unos 50 euros.","La Smart Band 9 refina la fórmula de Xiaomi: pantalla AMOLED de 1.62 pulgadas que se ve bien hasta al sol, más de 150 modos deportivos y una autonomía real de unas 3 semanas con uso normal. Mide sueño, frecuencia cardíaca, oxígeno en sangre y estrés con precisión suficiente para el día a día. Si vienes de una Band 7 o anterior, el salto en brillo y fluidez se nota mucho.","Pantalla AMOLED brillante|Autonomía de unas 3 semanas|Más de 150 modos deportivos|Precio imbatible","Sin GPS integrado|Sin NFC para pagos en España|Correa de serie mejorable","Pantalla:AMOLED 1.62 pulgadas|Batería:Hasta 21 días|Resistencia:5 ATM|Sensores:Frecuencia cardíaca + SpO2 + acelerómetro|Conectividad:Bluetooth 5.4|Peso:16 g sin correa",si
"Samsung Galaxy Watch7 44mm Bluetooth","samsung-galaxy-watch7-44mm","smartwatches","Samsung",4.5,299.00,EUR,,https://www.amazon.es/dp/B0GD8N6C4Z,"Smartwatch con Wear OS y Galaxy AI para deportistas del ecosistema Samsung.","El Watch7 monta el chip Exynos W1000 de 3 nm, que se nota en fluidez y en que la bateria aguanta mejor el dia con pantalla siempre activa. Suma Galaxy AI con respuestas sugeridas y resumenes de salud, ademas de medicion de composicion corporal y apnea del sueno. Rinde al maximo emparejado con un Galaxy; con otros Android funciona, pero pierdes ECG y presion arterial. La version Bluetooth de 44 mm es la mas equilibrada en tamano y precio.","Chip de 3 nm fluido|Galaxy AI integrado|GPS de doble banda preciso|Pantalla AMOLED muy brillante","Bateria de 1-2 dias|ECG limitado a moviles Samsung|Correa de serie basica","Pantalla:AMOLED 1.5 pulgadas 480x480|Procesador:Exynos W1000 3 nm|Memoria:2 GB + 32 GB|Bateria:475 mAh|Resistencia:5 ATM + IP68 + MIL-STD-810H|Sistema:Wear OS 5 + One UI Watch",no
"Sony WF-1000XM5","sony-wf-1000xm5","auriculares","Sony",4.7,139.00,EUR,,https://www.amazon.es/dp/B0CNLYTDN8,"Auriculares in-ear con la mejor cancelacion de ruido de su generacion.","Los WF-1000XM5 siguen siendo la referencia en cancelacion de ruido en formato in-ear: dos procesadores y tres microfonos por auricular que silencian metro y oficina de verdad. El sonido es el clasico Sony, con cuerpo en graves y detalle suficiente, mas LDAC para audio en alta resolucion. Son mas pequenos y comodos que los XM4, aunque las almohadillas de espuma hay que cambiarlas cada cierto tiempo. A este precio son una compra redonda.","Cancelacion de ruido excelente|Sonido con LDAC|Comodos y ligeros|Carga inalambrica","Almohadillas que se desgastan|Sin aptX|App imprescindible para sacarle partido","Tipo:In-ear true wireless|Cancelacion:Activa hibrida con 2 procesadores|Codecs:SBC + AAC + LDAC|Autonomia:8 h + 16 h con estuche|Resistencia:IPX4|Conexion:Bluetooth 5.3 multipoint",si
"Google Pixel Buds Pro 2","google-pixel-buds-pro-2","auriculares","Google",4.6,231.99,EUR,,https://www.amazon.es/dp/B0CKTYFCJV,"Auriculares de Google con chip Tensor A1 y Gemini integrado.","Los Pixel Buds Pro 2 estrenan el chip Tensor A1, que duplica la cancelacion respecto a la generacion anterior y habilita Gemini con solo hablar, sin sacar el movil. Son un 27 % mas pequenos y encajan muy bien incluso en orejas pequenas. Donde mas brillan es con un Pixel: llamadas con IA que aislan tu voz, traduccion en tiempo real y ecualizador adaptativo. Si usas Android puro, son los mas inteligentes del mercado.","Chip Tensor A1|Gemini manos libres|Muy comodos y ligeros|Cancelacion mejorada","Precio alto|Lo mejor exige un Pixel|Sin LDAC","Tipo:In-ear true wireless|Chip:Google Tensor A1|Cancelacion:Activa con Silent Seal 2.0|Autonomia:8 h + 22 h con estuche|Resistencia:IP54|Conexion:Bluetooth 5.4 multipoint + LE Audio",no
"Logitech MX Master 3S","logitech-mx-master-3s","ratones","Logitech",4.9,89.00,EUR,,https://www.amazon.es/dp/B0FHHV6YR5,"El raton de productividad por excelencia: preciso, silencioso y ergonomico.","El MX Master 3S es el estandar de facto para trabajar 8 horas con el raton: sensor de 8000 DPI que funciona hasta sobre cristal, rueda MagSpeed con desplazamiento de 1000 lineas por segundo y clics silenciosos que se agradecen en oficinas abiertas. Con Logi Options+ personalizas cada boton por aplicacion y Flow te deja mover el cursor entre dos ordenadores. La bateria dura unos 70 dias y con un minuto de carga tienes para 3 horas. Si trabajas con el ordenador, se amortiza solo.","Sensor 8000 DPI sobre cristal|Clics silenciosos|Rueda MagSpeed electromagnetica|Bateria de 70 dias","Diseno solo para diestros|Peso elevado para jugar|Software necesario para todo el potencial","Sensor:Darkfield 8000 DPI|Botones:7 personalizables|Rueda:MagSpeed + rueda lateral|Conectividad:Bluetooth + Logi Bolt USB|Bateria:Hasta 70 dias USB-C|Peso:141 g",si
"Keychron K8 Pro QMK VIA RGB","keychron-k8-pro-qmk-via-rgb","teclados","Keychron",4.7,129.89,EUR,,https://www.amazon.es/dp/B0BY2PQPH4,"Teclado mecanico TKL inalambrico con QMK para personalizarlo todo.","El K8 Pro es la puerta de entrada perfecta al mundo de los teclados personalizables: QMK y VIA de serie para reprogramar cada tecla desde el navegador, hot-swap para cambiar switches sin soldar y triple conexion Bluetooth, 2.4 GHz y cable. El formato TKL mantiene las teclas de funcion sin ocupar lo de un teclado completo. De serie suena y se siente mejor que la mayoria de teclados gaming del mismo precio, y con PBT y espuma interna aguanta anos.","QMK y VIA de serie|Hot-swap sin soldar|Triple conexion|Formato TKL equilibrado","Keycaps ABS de serie|Sin knob de volumen|Retroiluminacion solo sur si eliges esa version","Formato:Tenkeyless 87 teclas|Switches:Gateron mecanicos hot-swap|Keycaps:ABS doble inyeccion|Conectividad:Bluetooth 5.1 + 2.4 GHz + USB-C|Bateria:4000 mAh|Compatibilidad:Windows + macOS",no
